{
  "orchestrator": "conclave-v6-sonnet",
  "task": "bench-task-queue",
  "trial": 1,
  "duration_s": 1144,
  "exit_code": 0,
  "exit_reason": "completed",
  "scores": {
    "tests": 0,
    "static_analysis": 1,
    "hidden_tests": 0.15151515151515152,
    "agent_tests": 1,
    "coverage": 0.9341999999999999,
    "code_metrics": 0.9000000000000001
  },
  "composite_score": 0.6380289044289044,
  "total_tokens": 5132289,
  "total_cost_usd": 2.7444122500000008,
  "budget_exceeded": false
}