{
  "orchestrator": "metacog-sacrifice-opus",
  "task": "bench-collab-server",
  "trial": 1,
  "duration_s": 544,
  "exit_code": 1,
  "exit_reason": "crashed",
  "scores": {
    "tests": 0,
    "static_analysis": 1,
    "hidden_tests": 0.06666666666666667,
    "agent_tests": 0.7777777777777778,
    "code_metrics": 0.9000000000000001
  },
  "composite_score": 0.31794871794871793,
  "total_tokens": 1423666,
  "total_cost_usd": 1.5624087500000001,
  "budget_exceeded": false
}