{
  "orchestrator": "crush-nemotron-120b",
  "task": "bench-collab-server",
  "trial": 1,
  "duration_s": 964,
  "exit_code": 0,
  "exit_reason": "completed",
  "scores": {
    "tests": 0,
    "static_analysis": 1,
    "hidden_tests": 0.06666666666666667,
    "agent_tests": 0.7272727272727273,
    "code_metrics": 0.9000000000000001
  },
  "composite_score": 0.31794871794871793,
  "total_tokens": 5063970,
  "total_cost_usd": 3.2451611999999996,
  "budget_exceeded": false
}