{
  "orchestrator": "crush-kimi-k25",
  "task": "bench-collab-server",
  "trial": 1,
  "duration_s": 992,
  "exit_code": 0,
  "exit_reason": "completed",
  "scores": {
    "tests": 0,
    "static_analysis": 1,
    "hidden_tests": 0.06666666666666667,
    "agent_tests": 0.8571428571428571,
    "code_metrics": 0.9000000000000001
  },
  "composite_score": 0.31794871794871793,
  "total_tokens": 2199140,
  "total_cost_usd": 1.3729655999999997,
  "budget_exceeded": false
}