{
  "orchestrator": "conclave-v6-sonnet",
  "task": "bench-collab-server",
  "trial": 1,
  "duration_s": 1318,
  "exit_code": 0,
  "exit_reason": "completed",
  "scores": {
    "tests": 0,
    "static_analysis": 1,
    "hidden_tests": 0.06666666666666667,
    "agent_tests": 1,
    "coverage": 0.8905500000000001,
    "code_metrics": 0.9000000000000001
  },
  "composite_score": 0.5919641025641026,
  "total_tokens": 5032986,
  "total_cost_usd": 2.7311023999999997,
  "budget_exceeded": false
}